ano,quantidade,percentual
2022,2559975,72.18440023482717
2023,986463,27.815599765172827
