tipo_parto,quantidade,percentual
Cesáreo,2070214,58.374459105164114
Vaginal,1473718,41.55487844423052
Ignorado,2506,0.07066245060536798
